[
    {
        "V1": "ResponseID",
        "V2": "ResponseSet",
        "V3": "Name",
        "V4": "ExternalDataReference",
        "V5": "EmailAddress",
        "V6": "IPAddress",
        "V7": "Status",
        "V8": "StartDate",
        "V9": "EndDate",
        "V10": "Finished",
        "Q1": "What is your age?",
        "Q2": "Gender?",
        "Q2_TEXT": "Gender?-TEXT",
        "Q3": "Ethnicity?",
        "Q3_TEXT": "Ethnicity?-TEXT",
        "Q4": "Family Member/Family Size?",
        "Q5": "What is the highest level of education you have completed or the highest degree you have received?",
        "Q6": "What is the total combined income of your household?",
        "Q7_1": "Do you rely on any outside support when purchasing food? If so, check all that apply. -SNAP (Food Stamps)",
        "Q7_2": "Do you rely on any outside support when purchasing food? If so, check all that apply. -WIC",
        "Q7_3": "Do you rely on any outside support when purchasing food? If so, check all that apply. -Prefer not to answer",
        "Q7_4": "Do you rely on any outside support when purchasing food? If so, check all that apply. -N/A",
        "Q7_5": "Do you rely on any outside support when purchasing food? If so, check all that apply. -Other",
        "Q7_5_TEXT": "Do you rely on any outside support when purchasing food? If so, check all that apply. -Other-TEXT",
        "Q8": "For our study, we are trying to understand where the people that use this grocery store live. To...",
        "Q9": "How did you get to this store?",
        "Q9_TEXT": "How did you get to this store? -TEXT",
        "Q10": "How far did you travel (miles)?",
        "Q10_TEXT": "How far did you travel (miles)?-TEXT",
        "Q11": "How easy is it for you to find and purchase fresh foods?",
        "Q12_1": "Why do you come to this store? Check all that apply.-Location",
        "Q12_2": "Why do you come to this store? Check all that apply.-Availability of specific items",
        "Q12_3": "Why do you come to this store? Check all that apply.-Convenience",
        "Q12_4": "Why do you come to this store? Check all that apply.-Quality of products",
        "Q12_5": "Why do you come to this store? Check all that apply.-Reputation",
        "Q12_6": "Why do you come to this store? Check all that apply.-Other",
        "Q12_6_TEXT": "Why do you come to this store? Check all that apply.-Other-TEXT",
        "Q13": "Is there something at this store/location that you can't get anywhere else?",
        "Q14": "Is there anywhere else you shop on a regular basis? If so, where?",
        "Q15": "What is the most important factor to you when purchasing food?",
        "Q15_TEXT": "What is the most important factor to you when purchasing food?-TEXT",
        "Q16_1": "Why do you buy the foods you do? Choose all that apply.-Price",
        "Q16_2": "Why do you buy the foods you do? Choose all that apply.-Quality",
        "Q16_3": "Why do you buy the foods you do? Choose all that apply.-Product Availability",
        "Q16_4": "Why do you buy the foods you do? Choose all that apply.-Brand",
        "Q16_5": "Why do you buy the foods you do? Choose all that apply.-Other",
        "Q16_5_TEXT": "Why do you buy the foods you do? Choose all that apply.-Other-TEXT",
        "Q17": "Which store are you currently shopping at?",
        "LocationLatitude": "LocationLatitude",
        "LocationLongitude": "LocationLongitude",
        "LocationAccuracy": "LocationAccuracy"
  },
    {
        "V1": "R_3rPqG919e8IONO1",
        "V2": "Default Response Set",
        "V3": "Anonymous",
        "V4": 0,
        "V5": 0,
        "V6": "24.32.169.186",
        "V7": 0,
        "V8": "4/22/16 2:58",
        "V9": "4/22/16 3:00",
        "V10": 1,
        "Q1": 2,
        "Q2": 2,
        "Q2_TEXT": 0,
        "Q3": 3,
        "Q3_TEXT": 0,
        "Q4": 0,
        "Q5": 3,
        "Q6": 2,
        "Q7_1": 0,
        "Q7_2": 0,
        "Q7_3": 0,
        "Q7_4": 1,
        "Q7_5": 0,
        "Q7_5_TEXT": 0,
        "Q8": "30.656407, -96.384288",
        "Q9": 1,
        "Q9_TEXT": 0,
        "Q10": 3,
        "Q10_TEXT": 0,
        "Q11": 1,
        "Q12_1": 1,
        "Q12_2": 0,
        "Q12_3": 0,
        "Q12_4": 0,
        "Q12_5": 0,
        "Q12_6": 0,
        "Q12_6_TEXT": 0,
        "Q13": "No",
        "Q14": "HEB",
        "Q15": 1,
        "Q15_TEXT": 0,
        "Q16_1": 1,
        "Q16_2": 1,
        "Q16_3": 1,
        "Q16_4": 1,
        "Q16_5": 0,
        "Q16_5_TEXT": 0,
        "Q17": 2,
        "LocationLatitude": 30.56700134,
        "LocationLongitude": -96.28369904,
        "LocationAccuracy": -1
  },
    {
        "V1": "R_1kUmGalqauEOU5G",
        "V2": "Default Response Set",
        "V3": "Anonymous",
        "V4": 0,
        "V5": 0,
        "V6": "24.32.169.186",
        "V7": 0,
        "V8": "4/22/16 3:00",
        "V9": "4/22/16 3:01",
        "V10": 1,
        "Q1": 5,
        "Q2": 2,
        "Q2_TEXT": 0,
        "Q3": 1,
        "Q3_TEXT": 0,
        "Q4": 2,
        "Q5": 6,
        "Q6": 2,
        "Q7_1": 1,
        "Q7_2": 0,
        "Q7_3": 0,
        "Q7_4": 0,
        "Q7_5": 0,
        "Q7_5_TEXT": 0,
        "Q8": "30.594654,-96.3282697",
        "Q9": 1,
        "Q9_TEXT": 0,
        "Q10": 1,
        "Q10_TEXT": 0,
        "Q11": 1,
        "Q12_1": 1,
        "Q12_2": 0,
        "Q12_3": 0,
        "Q12_4": 0,
        "Q12_5": 0,
        "Q12_6": 0,
        "Q12_6_TEXT": 0,
        "Q13": "No",
        "Q14": "HEB",
        "Q15": 2,
        "Q15_TEXT": 0,
        "Q16_1": 0,
        "Q16_2": 1,
        "Q16_3": 0,
        "Q16_4": 0,
        "Q16_5": 0,
        "Q16_5_TEXT": 0,
        "Q17": 2,
        "LocationLatitude": 30.56700134,
        "LocationLongitude": -96.28369904,
        "LocationAccuracy": -1
  },
    {
        "V1": "R_1llqJCua9x6C3P9",
        "V2": "Default Response Set",
        "V3": "Anonymous",
        "V4": 0,
        "V5": 0,
        "V6": "24.32.169.186",
        "V7": 0,
        "V8": "4/22/16 3:04",
        "V9": "4/22/16 3:05",
        "V10": 1,
        "Q1": 2,
        "Q2": 1,
        "Q2_TEXT": 0,
        "Q3": 2,
        "Q3_TEXT": 0,
        "Q4": 2,
        "Q5": 3,
        "Q6": 2,
        "Q7_1": 0,
        "Q7_2": 0,
        "Q7_3": 0,
        "Q7_4": 1,
        "Q7_5": 0,
        "Q7_5_TEXT": 0,
        "Q8": "30.629498, -96.336846",
        "Q9": 1,
        "Q9_TEXT": 0,
        "Q10": 1,
        "Q10_TEXT": 0,
        "Q11": 1,
        "Q12_1": 1,
        "Q12_2": 1,
        "Q12_3": 1,
        "Q12_4": 1,
        "Q12_5": 1,
        "Q12_6": 0,
        "Q12_6_TEXT": 0,
        "Q13": "No",
        "Q14": "No",
        "Q15": 1,
        "Q15_TEXT": 0,
        "Q16_1": 1,
        "Q16_2": 1,
        "Q16_3": 0,
        "Q16_4": 0,
        "Q16_5": 0,
        "Q16_5_TEXT": 0,
        "Q17": 2,
        "LocationLatitude": 30.56700134,
        "LocationLongitude": -96.28369904,
        "LocationAccuracy": -1
  },
    {
        "V1": "R_1llqJCua9x6C3P9",
        "V2": "Default Response Set",
        "V3": "Anonymous",
        "V4": 0,
        "V5": 0,
        "V6": "24.32.169.186",
        "V7": 0,
        "V8": "4/22/16 3:04",
        "V9": "4/22/16 3:05",
        "V10": 1,
        "Q1": 2,
        "Q2": 1,
        "Q2_TEXT": 0,
        "Q3": 2,
        "Q3_TEXT": 0,
        "Q4": 2,
        "Q5": 3,
        "Q6": 2,
        "Q7_1": 0,
        "Q7_2": 0,
        "Q7_3": 0,
        "Q7_4": 1,
        "Q7_5": 0,
        "Q7_5_TEXT": 0,
        "Q8": "null, null",
        "Q9": 1,
        "Q9_TEXT": 0,
        "Q10": 1,
        "Q10_TEXT": 0,
        "Q11": 1,
        "Q12_1": 1,
        "Q12_2": 1,
        "Q12_3": 1,
        "Q12_4": 1,
        "Q12_5": 1,
        "Q12_6": 0,
        "Q12_6_TEXT": 0,
        "Q13": "No",
        "Q14": "No",
        "Q15": 1,
        "Q15_TEXT": 0,
        "Q16_1": 1,
        "Q16_2": 1,
        "Q16_3": 0,
        "Q16_4": 0,
        "Q16_5": 0,
        "Q16_5_TEXT": 0,
        "Q17": 2,
        "LocationLatitude": 30.56700134,
        "LocationLongitude": -96.28369904,
        "LocationAccuracy": -1
  }
]