<?xml version="1.0" encoding="utf-8"?>
<items>
<item title="Recycled Pencils" price="$24.45" img="img/pencil.jpg" link="http://www.amazon.com/Raymond-Geddes-Recycled-Display-67882/dp/B003AM8DIQ/"/>
<item title="Trash Bag" price="$5.79" img="img/bags.jpg" link="http://www.amazon.com/Biobag-Biodegradable-3-Gallon-Composting-Package/dp/B001QVH0LO/"/>
<item title="Shopping Bag" price="$17" img="img/shop.jpg" link="http://www.cafepress.com/+beSmart+beGreen+Tote+Bag+-+reusable+grocery+bags,152481684?cmp=pfc--f--us--017--152481684&utm_term=152481684&utm_campaign=Tote+Bag&sourcecode=affiliate&utm_source=froogle&utm_medium=productfeed&pid=6673073/"/>
<item title="Batteries" price="$2.99" img="img/batteries.jpg" link="http://www.crutchfield.com/p_748AA4PACK/Perf-Go-Green-AA-Alkaline-Batteries-4-pack.html?tp=34836/"/>
<item title="Necklace" price="$13" img="img/neck.jpg" link="http://www.amazon.com/SilverEco-Globally-Locally-Pendant-Necklace/dp/B002YJN7SC/"/>
<item title="Eco Shirt" price="$17.95" img="img/Shirt.jpg" link="http://www.footballfanatics.com/COLLEGE_Cent_Michigan_Chippewas/browse/featuredproduct/428099/partnerid/2457/source/froogle_CA?CAWELAID=512044220/"/>
<item title="Bumper Sticker" price="$2" img="img/bumper.jpg" link="http://www.northernsun.com/n/s/If-Environment-A-Bank-Bumper-Sticker-(7202).html?mv_pc=gbase/"/>
<item title="Water Bottles " price="$17.99" img="img/Water.jpg" link="http://www.amazon.com/Blue-Heart-Water-Stainless-Bottle/dp/B0024L1IWC/"/>
<item title="Coin Purse " price="$47.95" img="img/coin.jpg" link="http://www.novica.com/itemdetail/index.cfm?pid=127545/"/>
</items>