<?xml version="1.0" encoding="UTF-8"?>
<rss  version="2.0">
    <channel>
        <title>Ecosite Recycling News Feed - Information made possible by thedailygreen.com</title>
        <description>Stay uptodate with the latest environmental legistation and news.		</description>
        <link>http://www.ecositerecycling.com</link>
        <docs>http://blogs.law.harvard.edu/tech/rss</docs>
        <lastBuildDate>Fri, 04 Mar 2011 11:30:54 -0600</lastBuildDate>
        <pubDate>Fri, 04 Mar 2011 11:30:52 -0600</pubDate>
        <generator>FeedForAll Mac v2.1 (2.1.0.1) unlicensed version; http://www.FeedForAll.com/</generator>
        <item>
            <title>February Ties Reord-Low for Artic Sea Ice</title>
            <description>Even as the ice in the Arctic continues to form as part of the normal winter cycle, the cycle is continuing to show signs of anything but normalcy.</description>
            <link>http://www.thedailygreen.com/environmental-news/latest/arctic-sea-ice-extent-february-2011?src=rss</link>
            <guid isPermaLink="false">22303A78-0A2E-429E-B8B8-8EACB27DC66E-1261-000024E34FE4E2F0-FFA</guid>
            <pubDate>Thu, 03 Mar 2011 07:55:35 -0600</pubDate>
        </item>

        <item>
            <title>9 iPad Apps to Help You Go Paperless</title>
            <description>Go beyond reading your newspaper. These apps help you cook a meal, write a poem, manage your to-do lists – and even sign business contracts. </description>
            <link>http://www.thedailygreen.com/environmental-news/latest/paperless-ipad-apps?src=rss</link>
            <guid isPermaLink="false">3954FE59-6ED3-44C3-AE7F-DF54974C6241-1140-000023A297266C7A-FFA</guid>
            <pubDate>Wed, 02 Mar 2011 07:55:48 -0600</pubDate>
        </item>

        <item>
            <title>The Best Electric and Hybrid Rental Cars</title>
            <description>Electric cars like the Nissan Leaf and Chevy Volt are now available as rental cars, as are a host of hybrids</description>
            <link>http://www.thedailygreen.com/environmental-news/latest/hybrid-electric-rental-cars?src=rss</link>
            <guid isPermaLink="false">E940E31C-A1B3-43B4-966D-9303D15E07E3-1261-000024F65BADD65D-FFA</guid>
            <pubDate>Mon, 28 Feb 2011 04:40:29 -0600</pubDate>
        </item>

        <item>
            <title>Is Natural Gas as Good for the Environment as They Say?</title>
            <description>Relative to coal and alternative fuels, are carbon dioxide emissions from natural gas low enough to avert global warming?</description>
            <link>http://www.thedailygreen.com/environmental-news/latest/natural-gas-environmental-impact-redirect?src=rss</link>
            <guid isPermaLink="false">59446FEA-EAA8-4A7E-B0CF-C9F3BBEE6312-1261-00002500142EE3EC-FFA</guid>
            <pubDate>Sun, 27 Feb 2011 08:34:34 -0600</pubDate>
        </item>

        <item>
            <title>A Clean Energy Standard has Fans on Both Sides of the Aisle, But...</title>
            <description>There's a rare chance to pass a meaningful bipartisan energy bill to support renewable energy on a large scale, but the obstacles are great.</description>
            <link>http://www.thedailygreen.com/environmental-news/blogs/republican/clean-energy-standard?src=rss</link>
            <guid isPermaLink="false">F9D0955C-4406-466B-ACAC-9E0F727087B7-1261-0000250F13367AEC-FFA</guid>
            <pubDate>Sun, 27 Feb 2011 08:13:04 -0600</pubDate>
        </item>

        <item>
            <title>How to Pay 80 Cents a Gallon (Or Less) for Gas</title>
            <description>Instability in Libya, Egypt and throughout the Mideast has sent gas prices well north of $3 a gallon. Try these 5 road-tested ways to save money on gas.
</description>
            <link>http://www.thedailygreen.com/environmental-news/latest/save-money-gas-47050902?src=rss</link>
            <guid isPermaLink="false">73D7440E-A076-47FF-AA4E-80B4FBC14D16-1261-0000251623938F35-FFA</guid>
            <pubDate>Thu, 24 Feb 2011 09:30:47 -0600</pubDate>
        </item>

        <item>
            <title>Should Smoking Be Banned in Parks?</title>
            <description>New York City's Mayor Michael Bloomberg has signed a law banning smoking in city parks. Do you think smoking in parks should be banned?</description>
            <link>http://www.thedailygreen.com/environmental-news/polls/nyc-smoking-ban-in-parks?src=rss</link>
            <guid isPermaLink="false">BAC25A61-13FE-49F5-8DA4-7B7BFBAF2EE1-1261-0000252037AB3008-FFA</guid>
            <pubDate>Thu, 24 Feb 2011 07:19:20 -0600</pubDate>
        </item>

        <item>
            <title>Touring the Real Cape Point</title>
            <description>Searching for authenticity and learning about the environment on a tour of one of South Africa's premiere destinations, without getting caught in any tourist traps</description>
            <link>http://www.thedailygreen.com/environmental-news/latest/cape-point-tours?src=rss</link>
            <guid isPermaLink="false">B06E9D4F-250A-44A0-9CC1-5893F5219053-1261-00002536D519C728-FFA</guid>
            <pubDate>Wed, 23 Feb 2011 07:53:56 -0600</pubDate>
        </item>

        <item>
            <title>From Barely Green to Practically Green?</title>
            <description>New site aims to make green living manageable.</description>
            <link>http://www.thedailygreen.com/environmental-news/latest/practically-green-site?src=rss</link>
            <guid isPermaLink="false">97E499C0-4EB8-42E5-824E-328963ADC845-1261-0000253E21EABE5C-FFA</guid>
            <pubDate>Wed, 23 Feb 2011 04:06:25 -0600</pubDate>
        </item>

        <item>
            <title>Study: More Climate Change = More Pollen = Worse Allergies</title>
            <description>The northern half of North America is getting sneezier, snifflier and itchier.</description>
            <link>http://www.thedailygreen.com/recipefinder/global-warming-allergies?src=rss</link>
            <guid isPermaLink="false">FC732E0F-4DCD-4892-B73F-50EB1FD8B3F7-1261-00002545019D73B1-FFA</guid>
            <pubDate>Tue, 22 Feb 2011 10:06:45 -0600</pubDate>
        </item>

    </channel>
</rss>
